,City,Country,Lattitude,Longitude,Temperature C,Temperature F,Humidity %,Cloudiness %,Wind Speed (mph)
0,Besancon,FR,47.2488,6.0182,2.3700000000000045,38.065999999999974,39.0,0.0,3.0016000000000003
1,Punta Arenas,CL,-53.15,-70.9167,4.149999999999977,41.269999999999925,70.0,40.0,8.064000000000002
2,Roebourne,AU,-20.7833,117.1333,29.74000000000001,87.332,43.0,49.0,21.593600000000002
3,Saldanha,ZA,-33.0117,17.9442,23.149999999999977,75.46999999999991,46.0,1.0,18.435200000000002
4,Rikitea,PF,-23.1203,-134.9692,26.589999999999975,81.66199999999992,77.0,84.0,9.5424
5,Souillac,MU,-20.5167,57.5167,29.149999999999977,86.26999999999998,74.0,75.0,10.3712
6,Jamestown,SH,-15.9387,-5.7168,21.170000000000016,71.90600000000006,73.0,23.0,20.137600000000003
7,Aklavik,CA,68.2191,-135.0107,-24.849999999999994,-10.930000000000007,77.0,13.0,2.3072000000000004
8,Port Lincoln,AU,-34.7333,135.8667,21.970000000000027,73.346,63.0,0.0,14.201600000000001
9,Hobart,AU,-42.8794,147.3294,17.149999999999977,64.66999999999996,67.0,20.0,13.820800000000002
10,Ribeira Grande,PT,38.5167,-28.7,16.149999999999977,62.870000000000005,88.0,40.0,16.128000000000004
11,Rio Gallegos,AR,-51.6226,-69.2181,4.149999999999977,41.269999999999925,75.0,0.0,11.5136
12,Kaitangata,NZ,-46.2817,169.8464,10.649999999999977,52.96999999999997,95.0,45.0,5.129600000000001
13,North Myrtle Beach,US,33.816,-78.68,5.149999999999977,43.069999999999936,56.0,90.0,9.228800000000001
14,Hasaki,JP,35.7333,140.8333,14.149999999999977,59.26999999999998,88.0,75.0,5.7568
15,Cidreira,BR,-30.1811,-50.2056,22.579999999999984,74.44399999999996,81.0,29.0,17.4048
16,Fairbanks,US,64.8378,-147.7164,-22.629999999999995,-6.934000000000026,70.0,1.0,6.921600000000001
17,Ushuaia,AR,-54.8,-68.3,3.1499999999999773,39.46999999999997,87.0,90.0,13.820800000000002
18,Tasiilaq,GL,65.6145,-37.6368,-2.8500000000000227,28.66999999999996,86.0,90.0,9.228800000000001
19,Naze,JP,28.3667,129.4833,22.149999999999977,73.66999999999996,94.0,75.0,11.5136
20,Kodiak,US,57.79,-152.4072,-1.8500000000000227,30.46999999999997,86.0,90.0,4.614400000000001
21,Prestea,GH,5.4327,-2.1428,32.44,92.19200000000001,57.0,80.0,1.2544000000000002
22,Kuching,MY,1.55,110.3333,30.149999999999977,88.06999999999994,74.0,40.0,8.064000000000002
23,Aksu,KZ,52.0333,76.9167,2.1499999999999773,37.66999999999996,69.0,0.0,17.92
24,Salalah,OM,17.0151,54.0924,30.149999999999977,88.06999999999994,54.0,0.0,11.5136
25,Iquitos,PE,-3.7481,-73.2472,24.149999999999977,77.26999999999998,94.0,75.0,1.1424
26,Dikson,RU,73.5069,80.5464,-29.27000000000001,-18.886000000000024,89.0,92.0,18.0544
27,Rocha,UY,-34.4833,-54.3333,14.920000000000016,60.65600000000006,96.0,93.0,5.6672
28,Constitucion,MX,23.9912,-104.6749,5.740000000000009,44.132000000000005,56.0,0.0,1.2320000000000002
29,Korla,CN,41.7597,86.1469,9.850000000000023,51.53000000000003,35.0,38.0,6.8096000000000005
30,Paamiut,GL,61.994,-49.6678,-1.670000000000016,30.793999999999983,89.0,38.0,16.3072
31,Tuktoyaktuk,CA,69.4541,-133.0374,-26.5,-13.900000000000034,99.0,77.0,8.5792
32,Casma,PE,-9.4734,-78.2996,22.389999999999986,74.10199999999998,68.0,92.0,2.3744000000000005
33,Jieshi,CN,22.8134,115.8257,26.819999999999993,82.07600000000002,74.0,0.0,3.0016000000000003
34,Vestmannaeyjar,IS,63.4427,-20.2734,4.149999999999977,41.269999999999925,81.0,75.0,17.2928
35,Dubrovka,RU,53.6907,33.5071,1.1499999999999773,35.86999999999995,69.0,40.0,4.48
36,Bluff,NZ,-46.6,168.3333,14.04000000000002,59.072,85.0,45.0,6.0032000000000005
37,Talnakh,RU,69.4865,88.3972,-29.75999999999999,-19.767999999999972,85.0,0.0,1.9712000000000003
38,Husavik,IS,66.0449,-17.3389,4.149999999999977,41.269999999999925,52.0,40.0,10.3712
39,Seymchan,RU,62.8833,152.4333,-25.169999999999987,-11.505999999999972,98.0,17.0,1.5008000000000001
40,Felanitx,ES,39.4696,3.1483,10.149999999999977,52.069999999999936,87.0,75.0,20.7424
41,Lorengau,PG,-2.0226,147.2712,28.689999999999998,85.44200000000001,71.0,97.0,5.532800000000001
42,San Patricio,MX,19.2167,-104.7,21.470000000000027,72.44600000000003,54.0,0.0,2.8448
43,Ayagoz,KZ,47.9714,80.4392,-1.1999999999999886,31.639999999999986,82.0,98.0,3.3824000000000005
44,Port Macquarie,AU,-31.4333,152.9167,23.149999999999977,75.46999999999991,88.0,75.0,16.128000000000004
45,Puerto Ayora,EC,-0.7393,-90.3518,24.04000000000002,77.072,97.0,60.0,1.9936000000000003
46,Grand Gaube,MU,-20.0064,57.6608,29.04000000000002,86.072,74.0,33.0,12.006400000000001
47,Santa Isabel,MX,28.3833,-113.35,13.740000000000009,58.53200000000004,37.0,1.0,2.7552000000000003
48,Victoria,SC,-4.6167,55.45,32.14999999999998,91.66999999999996,58.0,20.0,14.985600000000002
49,Chuy,UY,-33.6971,-53.4616,19.129999999999995,68.23400000000004,91.0,33.0,9.5424
50,Biak,ID,-0.9131,122.8766,27.129999999999995,82.63400000000001,80.0,60.0,2.1056
51,Vaini,TO,-21.2,-175.2,26.149999999999977,80.87,89.0,40.0,4.614400000000001
52,Sao Borja,BR,-28.6606,-56.0044,21.54000000000002,72.572,86.0,18.0,7.840000000000001
53,Ippy,CF,6.2679,21.2247,36.97000000000003,100.346,36.0,64.0,1.7248
54,Sao Filipe,CV,14.8961,-24.4956,22.420000000000016,74.15600000000006,68.0,84.0,6.2048000000000005
55,Saint-Malo,FR,48.5,-1.8333,8.480000000000018,49.06400000000002,76.0,75.0,10.3712
56,Busselton,AU,-33.65,115.3333,27.480000000000018,83.26400000000001,36.0,8.0,6.249600000000001
57,Butaritari,KI,3.0707,172.7902,27.970000000000027,84.14600000000007,80.0,6.0,18.233600000000003
58,Vikulovo,RU,56.8167,70.6107,1.3799999999999955,36.28399999999999,100.0,100.0,11.200000000000001
59,Hilo,US,19.7297,-155.09,20.149999999999977,70.06999999999994,83.0,90.0,3.4496
60,Hermanus,ZA,-34.4187,19.2345,16.819999999999993,64.07600000000002,93.0,99.0,3.0016000000000003
61,Saint Simons,US,31.1352,-81.3901,12.149999999999977,55.66999999999996,76.0,90.0,19.6
62,Belaya Gora,RU,68.5333,146.4167,-23.930000000000007,-9.274000000000001,84.0,55.0,2.3520000000000003
63,Palmas,BR,-10.2128,-48.3603,22.149999999999977,73.66999999999996,100.0,75.0,5.7568
64,Saint-Philippe,RE,-21.3585,55.7679,30.149999999999977,88.06999999999994,62.0,0.0,27.664
65,Huilong,CN,31.8111,121.655,10.70999999999998,53.077999999999975,92.0,100.0,4.009600000000001
66,Isangel,VU,-19.55,169.2667,24.889999999999986,78.60199999999998,81.0,97.0,9.7664
67,Gisborne,NZ,-38.6533,178.0042,15.70999999999998,62.077999999999975,76.0,92.0,8.019200000000001
68,East London,ZA,-33.0153,27.9116,21.149999999999977,71.87,94.0,75.0,2.3072000000000004
69,Kyabe,TD,9.4515,18.9449,42.69,110.64199999999994,19.0,71.0,2.3520000000000003
70,Torbay,CA,47.6666,-52.7314,-2.069999999999993,30.074000000000012,86.0,90.0,18.435200000000002
71,Port Alfred,ZA,-33.5906,26.891,24.399999999999977,77.71999999999991,81.0,100.0,3.7408
72,Tailai,CN,46.3833,123.4,5.279999999999973,43.30399999999992,39.0,100.0,4.5696
73,Lodja,CD,-3.4833,23.4333,23.569999999999993,76.226,89.0,100.0,4.009600000000001
74,Mahebourg,MU,-20.4081,57.7,29.149999999999977,86.26999999999998,74.0,75.0,10.3712
75,Haines Junction,CA,60.7522,-137.5108,-21.849999999999994,-5.53000000000003,71.0,2.0,1.1424
76,Bam,IR,29.106,58.357,30.350000000000023,88.43000000000006,10.0,33.0,21.504
77,Provideniya,RU,64.3833,-173.3,-19.539999999999992,-1.372000000000014,87.0,100.0,18.2784
78,Hambantota,LK,6.1241,81.1185,34.14999999999998,95.26999999999998,52.0,40.0,4.614400000000001
79,Huarmey,PE,-10.0681,-78.1522,21.279999999999973,72.10399999999993,74.0,97.0,6.608000000000001
80,Tres Arroyos,AR,-38.3739,-60.2798,15.300000000000011,61.34000000000003,66.0,100.0,9.6544
81,Longfeng,CN,46.55,125.1167,3.0299999999999727,39.25399999999996,63.0,100.0,12.118400000000001
82,Upernavik,GL,72.7868,-56.1549,-13.810000000000002,8.942000000000007,89.0,100.0,12.028800000000002
83,Maceio,BR,-9.6658,-35.7353,23.149999999999977,75.46999999999991,94.0,75.0,3.4496
84,Awjilah,LY,29.1081,21.2869,32.22000000000003,91.79600000000005,11.0,0.0,9.5648
85,Albany,AU,-35.0169,117.8917,28.149999999999977,84.46999999999991,47.0,99.0,8.064000000000002
86,Severomuysk,RU,56.1481,113.4267,-13.04000000000002,10.327999999999975,93.0,100.0,5.488000000000001
87,Barrow,US,71.2906,-156.7887,-27.849999999999994,-16.329999999999984,83.0,1.0,3.4496
88,Port Hardy,CA,50.6996,-127.4199,6.149999999999977,44.86999999999995,100.0,90.0,6.921600000000001
89,Puerto Escondido,MX,15.85,-97.0667,24.05000000000001,77.09000000000003,53.0,0.0,5.308800000000001
90,Geraldton,AU,-28.7667,114.6,34.14999999999998,95.26999999999998,18.0,58.0,14.985600000000002
91,Sitka,US,57.0531,-135.33,-1.8500000000000227,30.46999999999997,93.0,90.0,6.921600000000001
92,Kargil,IN,34.5667,76.1,-1.8000000000000114,30.559999999999945,62.0,39.0,1.6352000000000002
93,Atyrau,KZ,47.1167,51.8833,3.1499999999999773,39.46999999999997,81.0,75.0,17.92
94,Bredasdorp,ZA,-34.5322,20.0403,20.149999999999977,70.06999999999994,73.0,83.0,14.985600000000002
95,Georgetown,SH,-7.9333,-14.4167,26.529999999999973,81.55399999999997,76.0,1.0,16.016000000000002
96,Atuona,PF,-9.8,-139.0333,26.69999999999999,81.86000000000001,72.0,75.0,11.065600000000002
97,Esperance,AU,-33.8667,121.9,27.149999999999977,82.66999999999996,47.0,0.0,16.128000000000004
98,Imamoglu,TR,37.2651,35.6572,20.149999999999977,70.06999999999994,52.0,75.0,3.4496
99,Kenitra,MA,34.261,-6.5802,11.149999999999977,53.86999999999995,100.0,75.0,13.820800000000002
100,Myaundzha,RU,63.0494,147.1858,-25.129999999999995,-11.434000000000026,96.0,5.0,2.1056
101,Shingu,JP,33.7333,135.9833,17.149999999999977,64.66999999999996,72.0,75.0,11.5136
102,Palmer,US,42.1584,-72.3287,-4.850000000000023,25.069999999999936,68.0,1.0,2.4864000000000006
103,Ostersund,SE,63.1792,14.6357,5.149999999999977,43.069999999999936,75.0,75.0,19.6
104,Chokurdakh,RU,70.6333,147.9167,-23.569999999999993,-8.625999999999976,98.0,99.0,4.1888000000000005
105,Pafos,CY,34.7667,32.4167,19.149999999999977,68.26999999999998,55.0,0.0,10.3712
106,Roma,AU,-26.5833,148.7833,25.170000000000016,79.106,72.0,100.0,7.235200000000001
107,Carnarvon,AU,-24.8667,113.6333,30.149999999999977,88.06999999999994,70.0,0.0,11.5136
108,Rapid Valley,US,44.0625,-103.1463,5.149999999999977,43.069999999999936,75.0,1.0,4.614400000000001
109,Coquimbo,CL,-29.9533,-71.3436,12.149999999999977,55.66999999999996,82.0,0.0,6.921600000000001
110,Santa Fe,CU,23.1292,-82.2613,22.149999999999977,73.66999999999996,78.0,75.0,12.678400000000002
111,Never,RU,53.9833,124.1667,-7.610000000000014,20.101999999999975,88.0,53.0,2.6432
112,Bojonegoro,ID,-7.1502,111.8817,29.129999999999995,86.23400000000004,80.0,38.0,5.1072
113,Yellowknife,CA,62.456,-114.3525,-11.850000000000023,12.46999999999997,79.0,90.0,14.985600000000002
114,Porto Novo,CV,17.0197,-25.0647,21.149999999999977,71.87,68.0,40.0,16.128000000000004
115,Avarua,CK,-21.2078,-159.775,26.149999999999977,80.87,83.0,40.0,6.921600000000001
116,Longyearbyen,SJ,78.2186,15.6401,-6.850000000000023,21.46999999999997,73.0,75.0,12.678400000000002
117,Butia,BR,-30.1197,-51.9622,18.110000000000014,66.39800000000002,97.0,5.0,3.5840000000000005
118,Ambilobe,MG,-13.2,49.05,32.05000000000001,91.49000000000001,60.0,23.0,2.7328
119,Mogadishu,SO,2.0371,45.3438,29.279999999999973,86.5039999999999,67.0,14.0,13.865600000000002
120,Barcelos,BR,-0.9747,-62.9242,22.75,74.75,93.0,57.0,2.8000000000000003
121,Marsh Harbour,BS,26.5412,-77.0636,22.19999999999999,73.75999999999999,83.0,82.0,11.200000000000001
122,Samana,DO,19.2056,-69.3369,22.420000000000016,74.15600000000006,85.0,8.0,6.496
123,Nikolskoye,RU,59.7035,30.7861,-3.180000000000007,28.075999999999965,54.0,20.0,17.92
124,Knysna,ZA,-34.0363,23.0471,22.149999999999977,73.66999999999996,73.0,20.0,9.228800000000001
125,Imbituba,BR,-28.24,-48.6703,21.149999999999977,71.87,88.0,0.0,6.921600000000001
126,Maun,BW,-19.9833,23.4167,29.149999999999977,86.26999999999998,58.0,20.0,8.064000000000002
127,Gornopravdinsk,RU,60.05,69.9,-1.5699999999999932,30.97399999999999,95.0,100.0,5.8464
128,Fort Nelson,CA,58.8053,-122.7002,-9.850000000000023,16.069999999999936,73.0,90.0,10.3712
129,Selikhino,RU,50.3672,137.4996,-3.6999999999999886,27.139999999999986,84.0,84.0,1.8592000000000002
130,Auki,SB,-8.7676,160.7034,26.470000000000027,81.44600000000003,83.0,100.0,4.144000000000001
131,Barbacoas,CO,1.6715,-78.1398,22.819999999999993,74.87599999999998,95.0,100.0,1.7472000000000003
132,Kenai,US,60.5544,-151.2583,-9.850000000000023,16.069999999999936,71.0,20.0,4.614400000000001
133,Toucheng,TW,24.8592,121.8233,25.149999999999977,79.06999999999994,78.0,75.0,8.064000000000002
134,Cape Town,ZA,-33.9258,18.4232,21.149999999999977,71.87,56.0,75.0,24.192000000000004
135,Sheridan,US,44.8333,-106.9173,8.149999999999977,48.46999999999997,61.0,20.0,11.5136
136,Khatanga,RU,71.9667,102.5,-34.81999999999999,-28.875999999999976,95.0,97.0,8.3328
137,Kalmunai,LK,7.4167,81.8167,28.839999999999975,85.71199999999999,72.0,78.0,9.116800000000001
138,Parelhas,BR,-6.6878,-36.6575,24.879999999999995,78.58399999999995,72.0,0.0,14.425600000000003
139,Taoudenni,ML,22.6783,-3.9836,25.579999999999984,79.84399999999994,16.0,0.0,13.664
140,Eloy,US,32.7559,-111.5548,14.149999999999977,59.26999999999998,24.0,1.0,8.064000000000002
141,Coihaique,CL,-45.5752,-72.0662,8.930000000000007,49.874000000000024,98.0,92.0,7.8624
142,Byron Bay,AU,-28.65,153.6167,22.149999999999977,73.66999999999996,94.0,40.0,4.614400000000001
143,Ipixuna,BR,-1.7625,-48.8043,23.149999999999977,75.46999999999991,88.0,40.0,2.3072000000000004
144,Tiksi,RU,71.6872,128.8694,-31.569999999999993,-23.02600000000001,95.0,25.0,4.5472
145,Labuhan,ID,-6.8844,112.2051,28.939999999999998,85.89199999999994,79.0,62.0,9.206400000000002
146,Ohara,JP,35.25,140.3833,16.819999999999993,64.07600000000002,88.0,75.0,5.7568
147,Burnie,AU,-41.0667,145.9167,15.70999999999998,62.077999999999975,82.0,6.0,5.017600000000001
148,Namatanai,PG,-3.6667,152.4333,27.689999999999998,83.64199999999994,76.0,100.0,7.6160000000000005
149,Praia Da Vitoria,PT,38.7333,-27.0667,14.589999999999975,60.0619999999999,82.0,40.0,13.4624
150,Aykhal,RU,66.0,111.5,-25.44999999999999,-12.009999999999991,95.0,100.0,38.2368
151,Bellmead,US,31.594,-97.1089,7.930000000000007,48.07400000000001,87.0,1.0,2.4192000000000005
152,Ancud,CL,-41.8697,-73.8203,10.149999999999977,52.069999999999936,93.0,0.0,5.7568
153,Ndele,CF,8.4109,20.6473,38.55000000000001,103.19000000000005,25.0,2.0,2.7552000000000003
154,Kapaa,US,22.0752,-159.319,22.149999999999977,73.66999999999996,78.0,90.0,21.884800000000002
155,Acarau,BR,-2.8856,-40.12,23.939999999999998,76.89199999999994,91.0,38.0,7.257600000000001
156,Yar-Sale,RU,66.8333,70.8333,-24.120000000000005,-9.616000000000042,89.0,42.0,12.947200000000002
157,Songjianghe,CN,42.1859,127.479,0.7900000000000205,35.22200000000004,97.0,100.0,5.6896
158,Limanowa,PL,49.7059,20.422,-0.9599999999999795,32.072,83.0,100.0,1.9936000000000003
159,Saskylakh,RU,71.9167,114.0833,-33.50999999999999,-26.517999999999972,99.0,98.0,6.720000000000001
160,Huambo,AO,-12.7761,15.7392,18.30000000000001,66.74000000000001,87.0,100.0,2.5088000000000004
161,Bundaberg,AU,-24.85,152.35,25.70999999999998,80.07799999999997,94.0,90.0,8.064000000000002
162,Samarai,PG,-10.6167,150.6667,28.899999999999977,85.81999999999994,75.0,24.0,6.2272
163,Opuwo,NA,-18.0607,13.84,26.95999999999998,82.32799999999997,53.0,90.0,6.630400000000001
164,Cockburn Town,TC,21.4612,-71.1419,24.680000000000007,78.22400000000005,78.0,11.0,15.568000000000001
165,Arraial Do Cabo,BR,-22.9661,-42.0278,23.149999999999977,75.46999999999991,94.0,40.0,9.228800000000001
166,Adrar,DZ,25.75,-1.0,22.69999999999999,74.65999999999997,21.0,0.0,21.728
167,Road Town,VG,18.4167,-64.6167,24.589999999999975,78.0619999999999,86.0,1.0,1.9936000000000003
168,Taitung,TW,22.7583,121.1444,25.149999999999977,79.06999999999994,73.0,75.0,2.3072000000000004
169,Bemidji,US,47.4736,-94.8803,2.3700000000000045,38.065999999999974,69.0,1.0,9.228800000000001
170,Sao Jose Da Coroa Grande,BR,-8.8978,-35.1478,26.5,81.5,78.0,13.0,8.310400000000001
171,Lebedyan,RU,53.0194,39.1664,-1.9599999999999795,30.272000000000048,92.0,100.0,6.988800000000001
172,Ponta Do Sol,CV,17.1994,-25.0919,21.149999999999977,71.87,68.0,40.0,16.128000000000004
173,Muravlenko,RU,63.7898,74.523,-16.120000000000005,4.783999999999992,88.0,100.0,24.236800000000002
174,San Cristobal,EC,-0.9045,-89.6174,26.399999999999977,81.31999999999994,79.0,79.0,7.593600000000001
175,Nioki,CD,-2.7167,17.6833,31.49000000000001,90.48199999999997,53.0,80.0,4.5472
176,Falam,MM,22.9167,93.6833,28.45999999999998,85.0279999999999,13.0,98.0,6.272
177,Saint-Augustin,CA,51.226,-58.6502,-20.80000000000001,-3.640000000000043,85.0,19.0,11.8496
178,Thompson,CA,55.7435,-97.8558,3.1499999999999773,39.46999999999997,75.0,75.0,4.614400000000001
179,Hofn,IS,64.2539,-15.2082,4.2099999999999795,41.37799999999993,42.0,9.0,9.520000000000001
180,Kaiyuan,CN,23.6977,103.3037,30.100000000000023,87.98000000000002,22.0,93.0,11.9616
181,Sri Aman,MY,1.2376,111.4621,26.149999999999977,80.87,94.0,40.0,3.4496
182,Champerico,GT,14.3,-91.9167,18.480000000000018,67.06400000000008,88.0,72.0,5.376
183,Katsuura,JP,35.1333,140.3,16.819999999999993,64.07600000000002,66.0,35.0,12.768000000000002
184,Bambous Virieux,MU,-20.3428,57.7575,29.149999999999977,86.26999999999998,74.0,75.0,10.3712
185,Olinda,BR,-8.0089,-34.8553,24.149999999999977,77.26999999999998,83.0,40.0,4.614400000000001
186,Kanchanaburi,TH,14.6333,99.1,36.839999999999975,100.11199999999997,29.0,17.0,1.4784000000000002
187,Srednekolymsk,RU,67.45,153.6833,-24.060000000000002,-9.508000000000038,85.0,2.0,2.688
188,Vao,NC,-22.6667,167.4833,24.420000000000016,77.75599999999997,76.0,100.0,21.504
189,Narodychi,UA,51.2029,29.0823,2.8700000000000045,38.96600000000001,64.0,96.0,4.8608
190,Sabinas Hidalgo,MX,26.5,-100.1667,11.560000000000002,54.60799999999995,61.0,0.0,0.784
191,Karratha,AU,-20.7377,116.8463,30.079999999999984,87.94399999999996,42.0,60.0,19.980800000000002
192,Kapit,MY,2.0167,112.9333,28.00999999999999,84.21799999999996,88.0,77.0,2.3072000000000004
193,Burhar,IN,23.2167,81.5333,34.110000000000014,95.19799999999998,16.0,15.0,9.632
194,Iqaluit,CA,63.7506,-68.5145,-23.849999999999994,-9.129999999999995,70.0,90.0,12.678400000000002
195,Gizo,SB,-8.103,156.8419,28.720000000000027,85.4960000000001,75.0,100.0,6.2944
196,Qasigiannguit,GL,68.8193,-51.1922,-9.850000000000023,16.069999999999936,67.0,40.0,4.614400000000001
197,Do Gonbadan,IR,30.3586,50.7981,24.149999999999977,77.26999999999998,17.0,0.0,11.5136
198,New Norfolk,AU,-42.7826,147.0587,17.149999999999977,64.66999999999996,67.0,20.0,13.820800000000002
199,Mar Del Plata,AR,-38.0023,-57.5575,17.370000000000005,65.06600000000003,82.0,0.0,6.921600000000001
200,Te Anau,NZ,-45.4167,167.7167,10.310000000000002,52.358000000000004,96.0,4.0,3.2032000000000003
201,Tripoli,LY,32.8752,13.1875,24.74000000000001,78.332,33.0,13.0,15.456000000000003
202,Waingapu,ID,-9.6567,120.2641,27.939999999999998,84.09199999999998,83.0,76.0,11.5136
203,Hobyo,SO,5.3505,48.5268,29.670000000000016,87.20600000000002,61.0,39.0,17.0912
204,Xining,CN,36.6167,101.7667,1.1899999999999977,35.94200000000001,45.0,72.0,25.648
205,Castro,CL,-42.4721,-73.7732,10.149999999999977,52.069999999999936,93.0,0.0,5.7568
206,Saint George,BM,32.3817,-64.6781,20.70999999999998,71.07799999999997,94.0,75.0,20.7424
207,Cherskiy,RU,68.75,161.3,-29.819999999999993,-19.875999999999976,96.0,0.0,2.5984000000000003
208,Bengkulu,ID,-3.8004,102.2655,27.819999999999993,83.87599999999998,80.0,86.0,3.8304000000000005
209,Lompoc,US,34.6391,-120.4579,11.149999999999977,53.86999999999995,87.0,40.0,5.7568
210,Copala,MX,16.65,-98.9833,22.850000000000023,74.93000000000006,72.0,0.0,4.838400000000001
211,Komsomolskiy,RU,43.9783,46.6985,12.100000000000023,55.58000000000004,47.0,44.0,12.7232
212,Lebu,CL,-37.6167,-73.65,13.269999999999982,57.68599999999992,85.0,100.0,13.3504
213,Tuatapere,NZ,-46.1333,167.6833,14.04000000000002,59.072,85.0,66.0,6.0032000000000005
214,Naryan-Mar,RU,67.6713,53.087,-16.810000000000002,3.541999999999973,82.0,80.0,6.4512
215,Lazaro Cardenas,MX,17.9583,-102.2,22.170000000000016,73.70600000000002,69.0,0.0,4.1888000000000005
216,Pevek,RU,69.7008,170.3133,-30.28,-20.704000000000008,99.0,56.0,0.672
217,Luderitz,NA,-26.6481,15.1594,25.560000000000002,79.80799999999999,48.0,13.0,23.632000000000005
218,Ambatondrazaka,MG,-17.8333,48.4167,27.939999999999998,84.09199999999998,58.0,65.0,6.854400000000001
219,Long Xuyen,VN,10.3833,105.4167,33.14999999999998,93.46999999999991,58.0,40.0,5.7568
220,Lahaina,US,20.8783,-156.6825,21.149999999999977,71.87,83.0,40.0,11.5136
221,Lyaskelya,RU,61.7667,31.0167,-3.9599999999999795,26.672000000000025,90.0,100.0,12.857600000000001
222,Alta Floresta,BR,-9.8756,-56.0861,20.230000000000018,70.21400000000006,98.0,99.0,2.3072000000000004
223,Kruisfontein,ZA,-34.0033,24.7314,22.930000000000007,75.07399999999996,75.0,82.0,3.0016000000000003
224,Victor Harbor,AU,-35.5667,138.6167,22.370000000000005,74.06600000000003,67.0,27.0,9.228800000000001
225,Muros,ES,42.7762,-9.0603,11.819999999999993,55.07600000000002,54.0,0.0,10.0128
226,Mackay,AU,-21.15,149.2,27.149999999999977,82.66999999999996,78.0,75.0,17.2928
227,Port Augusta,AU,-32.5,137.7667,26.25999999999999,81.06799999999998,78.0,90.0,14.985600000000002
228,Antalaha,MG,-14.9003,50.2788,27.189999999999998,82.74199999999996,85.0,91.0,10.326400000000001
229,Williamsburg,US,37.2707,-76.7075,2.1499999999999773,37.66999999999996,86.0,1.0,4.614400000000001
230,Luanda,AO,-8.8368,13.2343,29.149999999999977,86.26999999999998,74.0,75.0,6.921600000000001
231,Kushmurun,KZ,52.4503,64.6311,0.29000000000002046,34.322,97.0,100.0,21.212800000000005
232,Boda,CF,4.3189,17.4695,27.389999999999986,83.10199999999998,68.0,76.0,6.115200000000001
233,Sokolo,ML,14.7328,-6.1219,35.879999999999995,98.38400000000001,9.0,47.0,11.5136
234,Yichang,CN,30.7144,111.2847,12.269999999999982,55.88599999999997,68.0,99.0,4.0768
235,Vanavara,RU,60.34,102.2797,-2.6000000000000227,29.119999999999948,86.0,100.0,12.476800000000003
236,Makakilo City,US,21.3469,-158.0858,22.149999999999977,73.66999999999996,68.0,1.0,5.7568
237,Rawson,AR,-43.3002,-65.1023,17.310000000000002,64.95799999999997,48.0,95.0,26.0288
238,Hiroshima,JP,34.3963,132.4594,11.819999999999993,55.07600000000002,87.0,90.0,8.064000000000002
239,Syamzha,RU,60.0158,41.0614,-6.0400000000000205,22.92799999999994,85.0,100.0,8.4448
240,Ozinki,RU,51.1786,49.6769,-1.910000000000025,30.361999999999966,87.0,100.0,14.604800000000001
241,Vvedenskoye,RU,55.4753,65.0847,0.7900000000000205,35.22200000000004,99.0,98.0,11.4016
242,Washington,US,47.5001,-120.5015,4.589999999999975,42.061999999999955,84.0,100.0,1.0080000000000002
243,Sambo Creek,HN,15.8167,-86.6833,24.04000000000002,77.072,99.0,8.0,1.0080000000000002
244,Ewa Beach,US,21.3156,-158.0072,22.149999999999977,73.66999999999996,68.0,1.0,5.7568
245,Nome,US,64.5011,-165.4064,-16.850000000000023,3.4699999999999704,66.0,1.0,14.985600000000002
246,Visnes,NO,59.3556,5.2242,7.149999999999977,46.66999999999996,93.0,75.0,11.5136
247,Durban,ZA,-29.8579,31.0292,27.370000000000005,83.06600000000003,74.0,20.0,12.678400000000002
248,Eston,CA,51.1501,-108.7514,2.1499999999999773,37.66999999999996,80.0,1.0,8.064000000000002
249,La Orilla,MX,17.9833,-102.2333,21.720000000000027,72.89600000000007,70.0,0.0,4.3232
250,Chlorakas,CY,34.8042,32.4083,18.149999999999977,66.46999999999991,55.0,0.0,11.5136
251,Cururupu,BR,-1.8283,-44.8683,22.129999999999995,73.63400000000001,97.0,98.0,3.0912
252,Axim,GH,4.8699,-2.2405,30.019999999999982,87.83600000000001,63.0,55.0,2.128
253,Nago,JP,26.5881,127.9761,24.149999999999977,77.26999999999998,73.0,75.0,8.064000000000002
254,Guerrero Negro,MX,27.9769,-114.0611,14.810000000000002,60.45799999999997,86.0,0.0,10.4832
255,Shibetsu,JP,43.659,145.132,-1.8500000000000227,30.46999999999997,64.0,75.0,6.921600000000001
256,Fukue,JP,32.6881,128.8419,18.149999999999977,66.46999999999991,94.0,75.0,1.1424
257,Richards Bay,ZA,-28.783,32.0377,28.149999999999977,84.46999999999991,64.0,26.0,7.392
258,Poum,NC,-20.2333,164.0167,26.389999999999986,81.30200000000002,78.0,100.0,22.467200000000002
259,Kavieng,PG,-2.5744,150.7967,28.79000000000002,85.62200000000007,75.0,100.0,9.4304
260,Kununurra,AU,-15.7667,128.7333,25.149999999999977,79.06999999999994,100.0,75.0,6.921600000000001
261,Aswan,EG,24.0934,32.907,35.69,98.04200000000003,10.0,0.0,5.824000000000001
262,Vardo,NO,70.3705,31.1107,0.7300000000000182,35.11400000000003,82.0,84.0,17.92
263,Moerai,PF,-22.4333,-151.3333,25.769999999999982,80.18599999999992,67.0,97.0,6.540800000000001
264,Yumen,CN,40.2833,97.2,4.079999999999984,41.14399999999995,19.0,0.0,11.3344
265,Cayenne,GF,4.9333,-52.3333,26.25999999999999,81.06799999999998,100.0,75.0,5.0848
266,Ayan,RU,56.45,138.1667,-9.230000000000018,17.18599999999998,81.0,98.0,2.1952000000000003
267,Willowmore,ZA,-33.2926,23.4895,23.25999999999999,75.668,45.0,31.0,10.259200000000002
268,Faanui,PF,-16.4833,-151.75,28.529999999999973,85.154,65.0,36.0,6.428800000000001
269,Doha,QA,25.2867,51.5333,31.149999999999977,89.87,15.0,0.0,20.7424
270,Tahta,EG,26.7693,31.5021,30.149999999999977,88.06999999999994,28.0,0.0,10.3712
271,Beidao,CN,34.5686,105.8933,1.8199999999999932,37.075999999999965,45.0,100.0,1.0080000000000002
272,Barwadih,IN,23.8333,84.1167,34.69,96.24199999999996,19.0,67.0,10.976000000000003
273,Oriximina,BR,-1.7656,-55.8661,22.629999999999995,74.53399999999999,94.0,100.0,4.300800000000001
274,Balykshi,KZ,47.0667,51.8667,3.1499999999999773,39.46999999999997,81.0,75.0,17.92
275,Terrak,NO,65.087,12.3715,6.149999999999977,44.86999999999995,100.0,90.0,20.7424
276,Ilulissat,GL,69.2167,-51.1,-9.850000000000023,16.069999999999936,67.0,40.0,4.614400000000001
277,Male,MV,4.1748,73.5089,31.149999999999977,89.87,70.0,20.0,5.7568
278,Beloha,MG,-25.1667,45.05,36.70999999999998,99.87799999999993,28.0,0.0,2.3744000000000005
279,Havoysund,NO,70.9963,24.6622,0.14999999999997726,34.069999999999936,74.0,40.0,16.128000000000004
280,Cairns,AU,-16.9167,145.7667,27.149999999999977,82.66999999999996,69.0,32.0,9.228800000000001
281,Batagay-Alyta,RU,67.8006,130.4114,-21.360000000000014,-4.648000000000025,81.0,100.0,1.1872000000000003
282,Polistena,IT,38.406,16.08,14.149999999999977,59.26999999999998,82.0,75.0,5.7568
283,Wisconsin Rapids,US,44.3836,-89.8174,0.14999999999997726,34.069999999999936,59.0,1.0,4.614400000000001
284,Soyo,AO,-6.1349,12.3689,28.149999999999977,84.46999999999991,83.0,75.0,4.614400000000001
285,Dingle,IE,52.1408,-10.2689,9.149999999999977,50.269999999999925,93.0,90.0,2.3072000000000004
286,Sinop,TR,41.7711,34.8709,6.560000000000002,45.608000000000004,80.0,100.0,4.1888000000000005
287,Nizhniy Kuranakh,RU,58.8353,125.4869,-7.480000000000018,20.335999999999956,85.0,100.0,5.8016000000000005
288,Padang,ID,-0.9492,100.3543,30.149999999999977,88.06999999999994,74.0,20.0,6.921600000000001
289,Touros,BR,-5.1989,-35.4608,24.149999999999977,77.26999999999998,94.0,75.0,4.614400000000001
290,Bow Island,CA,49.8668,-111.3684,2.1499999999999773,37.66999999999996,55.0,0.0,8.064000000000002
291,Raudeberg,NO,61.9875,5.1352,6.819999999999993,46.075999999999965,95.0,100.0,26.8576
292,Mossendjo,CG,-2.9506,12.7261,28.30000000000001,84.74000000000001,61.0,100.0,4.704000000000001
293,Sotouboua,TG,8.5667,0.9833,27.149999999999977,82.66999999999996,74.0,0.0,4.3232
294,Tongliao,CN,43.6125,122.2653,5.360000000000014,43.448000000000036,55.0,100.0,1.5456
295,Smithers,CA,54.7804,-127.1743,-0.8500000000000227,32.269999999999925,80.0,90.0,13.820800000000002
296,Hami,CN,42.8,93.45,8.620000000000005,49.315999999999974,9.0,0.0,3.3376
297,Broken Hill,AU,-31.95,141.4333,25.149999999999977,79.06999999999994,38.0,100.0,9.228800000000001
298,Zyryanovsk,KZ,49.7386,84.2719,-1.6100000000000136,30.901999999999987,80.0,17.0,1.0976000000000001
299,Nivala,FI,63.9167,24.9667,1.8199999999999932,37.075999999999965,83.0,100.0,7.0112000000000005
300,Kamina,CD,-8.7386,24.9906,27.779999999999973,83.80399999999997,58.0,61.0,5.488000000000001
301,Dunedin,NZ,-45.8742,170.5036,15.149999999999977,61.069999999999936,68.0,47.0,5.017600000000001
302,Pangnirtung,CA,66.1451,-65.7125,-27.590000000000003,-15.862000000000023,79.0,8.0,2.1504000000000003
303,Qaanaaq,GL,77.484,-69.3632,-21.669999999999987,-5.206000000000017,94.0,100.0,3.2704000000000004
304,Ambon,ID,-3.6954,128.1814,31.149999999999977,89.87,62.0,20.0,9.228800000000001
305,Mahina,PF,-17.5065,-149.489,26.149999999999977,80.87,73.0,0.0,2.3072000000000004
306,Severo-Kurilsk,RU,50.6789,156.125,-4.019999999999982,26.56400000000002,81.0,100.0,22.4448
307,Kloulklubed,PW,7.0419,134.2556,26.149999999999977,80.87,94.0,75.0,4.614400000000001
308,Pemangkat,ID,1.1667,108.9667,27.379999999999995,83.08399999999995,82.0,63.0,11.3344
309,Diu,IN,20.7141,70.9822,28.420000000000016,84.95600000000002,48.0,1.0,9.184
310,Kongolo,CD,-5.3833,27.0,30.019999999999982,87.83600000000001,64.0,81.0,5.1968000000000005
311,Sabzevar,IR,36.2126,57.6819,19.149999999999977,68.26999999999998,24.0,20.0,6.921600000000001
312,Sibanicu,CU,21.235,-77.5264,19.149999999999977,68.26999999999998,100.0,1.0,4.614400000000001
313,Susanville,US,40.4163,-120.653,2.1499999999999773,37.66999999999996,87.0,90.0,3.8976
314,Parana,BR,-24.0,-51.0,17.430000000000007,65.17399999999998,99.0,99.0,2.6208
315,Erzin,RU,50.261,95.1623,-6.6299999999999955,21.865999999999985,81.0,46.0,1.344
316,Leh,IN,34.1667,77.5833,2.3500000000000227,38.03000000000003,41.0,0.0,2.8896
317,Nanortalik,GL,60.1432,-45.2371,1.0400000000000205,35.672000000000025,98.0,100.0,13.865600000000002
318,Easton,US,40.6884,-75.2207,-0.410000000000025,33.061999999999955,68.0,1.0,2.6656
319,Williams Lake,CA,52.1415,-122.1445,0.14999999999997726,34.069999999999936,59.0,40.0,8.064000000000002
320,Norman Wells,CA,65.282,-126.8329,-20.849999999999994,-3.730000000000018,77.0,75.0,13.820800000000002
321,Eyl,SO,7.9803,49.8164,29.970000000000027,87.7460000000001,50.0,3.0,16.755200000000002
322,Mehamn,NO,71.0357,27.8492,0.4700000000000273,34.646000000000015,91.0,100.0,28.694400000000005
323,Fortuna,US,40.5982,-124.1573,6.259999999999991,45.067999999999984,100.0,90.0,8.064000000000002
324,Chifeng,CN,42.2683,118.9636,4.600000000000023,42.08000000000004,34.0,96.0,18.972800000000003
325,Umm Kaddadah,SD,13.6017,26.6876,38.44999999999999,103.00999999999999,7.0,41.0,21.459200000000003
326,Thanh Hoa,VN,19.8,105.7667,24.910000000000025,78.63800000000003,84.0,81.0,8.6912
327,Praia,CV,14.9215,-23.5087,21.149999999999977,71.87,73.0,20.0,14.985600000000002
328,Asfi,MA,32.2994,-9.2372,15.389999999999986,61.50199999999995,68.0,91.0,9.3184
329,Beringovskiy,RU,63.05,179.3167,-18.139999999999986,1.1480000000000246,91.0,100.0,18.681600000000003
330,Kamenka,RU,51.3223,42.7678,-1.079999999999984,31.855999999999995,93.0,91.0,6.630400000000001
331,Hithadhoo,MV,-0.6,73.0833,28.329999999999984,84.79399999999998,74.0,91.0,12.790400000000002
332,Lagoa,PT,39.05,-27.9833,14.949999999999989,60.70999999999992,83.0,100.0,17.6064
333,Rabo De Peixe,PT,37.8,-25.5833,13.149999999999977,57.469999999999914,76.0,20.0,5.7568
334,Waitati,NZ,-45.75,170.5667,15.149999999999977,61.069999999999936,63.0,30.0,17.024
335,Clyde River,CA,70.4692,-68.5914,-27.849999999999994,-16.329999999999984,69.0,1.0,5.7568
336,Pitimbu,BR,-7.4706,-34.8086,24.149999999999977,77.26999999999998,100.0,75.0,4.614400000000001
337,Yucca Valley,US,34.1142,-116.4322,12.370000000000005,56.06600000000003,65.0,0.0,4.009600000000001
338,Mackenzie,CA,55.2999,-123.1698,2.1499999999999773,37.66999999999996,55.0,90.0,10.3712
339,Ust-Omchug,RU,61.15,149.6333,-23.97999999999999,-9.363999999999976,94.0,0.0,1.5008000000000001
340,Ostrovnoy,RU,68.0531,39.5131,-6.529999999999973,22.04600000000005,86.0,97.0,25.334400000000002
341,Urumqi,CN,43.801,87.6005,3.1499999999999773,39.46999999999997,60.0,0.0,4.48
342,Biltine,TD,14.5333,20.9167,41.339999999999975,108.21199999999999,7.0,0.0,21.616000000000003
343,Troina,IT,37.7854,14.5985,12.930000000000007,57.073999999999955,93.0,100.0,4.0544
344,Berlevag,NO,70.8578,29.0864,0.839999999999975,35.311999999999955,90.0,100.0,27.798400000000004
345,Jyvaskyla,FI,62.2415,25.7209,-1.5199999999999818,31.06400000000002,93.0,90.0,10.3712
346,Port Blair,IN,11.6667,92.75,31.149999999999977,89.87,62.0,20.0,9.228800000000001
347,Christchurch,NZ,-43.5333,172.6333,13.149999999999977,57.469999999999914,71.0,90.0,1.1424
348,Verkhoyansk,RU,67.5447,133.385,-16.829999999999984,3.5060000000000286,75.0,0.0,4.0768
349,Hovd,MN,48.0056,91.6419,0.6200000000000045,34.916,18.0,0.0,5.219200000000001
350,North Bend,US,43.4065,-124.2243,7.149999999999977,46.66999999999996,93.0,90.0,6.921600000000001
351,Olafsvik,IS,64.8945,-23.7142,3.5299999999999727,40.15399999999994,77.0,100.0,20.9216
352,Sangar,RU,63.9242,127.4739,-12.060000000000002,12.091999999999985,90.0,95.0,11.356800000000002
353,Le Vauclin,MQ,14.5452,-60.8388,22.370000000000005,74.06600000000003,94.0,20.0,15.008000000000003
354,Bathsheba,BB,13.2167,-59.5167,25.149999999999977,79.06999999999994,61.0,20.0,17.2928
355,Kungurtug,RU,50.5994,97.5228,-3.0,28.399999999999977,67.0,11.0,1.2768
356,Moron,MN,47.3825,110.3165,-3.829999999999984,26.906000000000006,33.0,54.0,13.1712
357,Itarema,BR,-2.9248,-39.9167,23.870000000000005,76.76599999999996,91.0,47.0,7.1008000000000004
358,Zwedru,LR,6.0667,-8.1281,28.889999999999986,85.80200000000002,65.0,12.0,4.2336
359,Trofors,NO,65.5333,13.4063,3.1499999999999773,39.46999999999997,93.0,75.0,8.064000000000002
360,Jonava,LT,55.0833,24.2833,-0.8500000000000227,32.269999999999925,47.0,0.0,3.4496
361,Florianopolis,BR,-27.6146,-48.5012,25.149999999999977,79.06999999999994,88.0,0.0,6.921600000000001
362,Krasnoturansk,RU,54.3186,91.5639,-0.8500000000000227,32.269999999999925,55.0,0.0,6.720000000000001
363,Chinchani,IN,19.8667,72.7,28.829999999999984,85.69399999999996,48.0,0.0,10.550400000000002
364,Corrente,BR,-3.7367,-43.3394,22.160000000000025,73.68799999999999,98.0,85.0,3.7408
365,Kosh-Agach,RU,50.0,88.6667,-4.6299999999999955,25.466000000000008,61.0,0.0,2.0608000000000004
366,Evensk,RU,61.95,159.2333,-19.27000000000001,-0.8860000000000241,66.0,16.0,6.4512
367,Buala,SB,-8.145,159.5921,27.29000000000002,82.92200000000003,78.0,78.0,3.2928
368,Bontang,ID,0.1333,117.5,28.560000000000002,85.20799999999997,74.0,87.0,5.7792
369,Anshun,CN,26.25,105.9333,12.069999999999993,55.525999999999954,81.0,100.0,12.9024
370,Rundu,NA,-17.9333,19.7667,29.70999999999998,87.2779999999999,42.0,13.0,9.0944
371,Ribas Do Rio Pardo,BR,-20.4431,-53.7592,21.170000000000016,71.90600000000006,89.0,91.0,3.1584000000000003
372,Metro,ID,-5.1131,105.3067,28.5,85.10000000000002,78.0,95.0,3.3824000000000005
373,Brigantine,US,39.4101,-74.3646,0.7099999999999795,35.077999999999975,59.0,1.0,3.4496
374,Bethel,US,41.3712,-73.414,-0.410000000000025,33.061999999999955,49.0,0.0,6.2944
375,Salym,RU,60.0625,71.4789,-2.240000000000009,29.767999999999972,92.0,100.0,6.7424
376,Mandalgovi,MN,45.7625,106.2708,-3.8600000000000136,26.851999999999975,25.0,86.0,15.366400000000002
377,Cabo San Lucas,MX,22.8909,-109.9124,16.819999999999993,64.07600000000002,45.0,0.0,3.8304000000000005
378,Namibe,AO,-15.1961,12.1522,25.149999999999977,79.06999999999994,69.0,0.0,7.526400000000001
379,Qaqortoq,GL,60.7167,-46.0333,1.1499999999999773,35.86999999999995,80.0,90.0,10.3712
380,Bunia,CD,1.5667,30.25,28.970000000000027,85.94600000000003,43.0,35.0,11.5584
381,Sinnai,IT,39.3042,9.2036,14.589999999999975,60.0619999999999,71.0,20.0,6.921600000000001
382,Hurghada,EG,27.2574,33.8129,26.149999999999977,80.87,17.0,0.0,3.4496
383,Mikhaylovka,KZ,43.0,71.5,13.149999999999977,57.469999999999914,67.0,90.0,11.200000000000001
384,Ust-Nera,RU,64.5667,143.2,-19.310000000000002,-0.9580000000000268,98.0,97.0,4.7264
385,Seoul,KR,37.5683,126.9778,10.149999999999977,52.069999999999936,87.0,90.0,9.228800000000001
386,Stornoway,GB,58.2093,-6.3865,8.149999999999977,48.46999999999997,93.0,75.0,9.228800000000001
387,Leningradskiy,RU,69.3833,178.4167,-26.360000000000014,-13.648000000000025,86.0,100.0,3.3152000000000004
388,Clinton,US,42.587,-82.9199,-2.8500000000000227,28.66999999999996,100.0,1.0,2.3296
389,Lappeenranta,FI,61.0587,28.1887,-2.6299999999999955,29.065999999999974,82.0,100.0,15.948800000000002
390,Ungureni,RO,46.5167,26.95,2.930000000000007,39.07400000000001,75.0,75.0,2.3072000000000004
391,Mecca,SA,21.4267,39.8261,37.120000000000005,100.61599999999999,14.0,0.0,12.6112
392,Maputo,MZ,-25.9653,32.5892,30.149999999999977,88.06999999999994,58.0,75.0,3.4496
393,Port Elizabeth,ZA,-33.918,25.5701,20.149999999999977,70.06999999999994,94.0,90.0,3.4496
394,Rumphi,MW,-11.0186,33.8575,26.160000000000025,80.88800000000003,69.0,100.0,4.0544
395,Mae Sai,TH,20.4335,99.8762,36.81999999999999,100.07600000000002,34.0,53.0,4.614400000000001
396,Zaragoza,MX,28.4833,-100.9167,11.259999999999991,54.067999999999984,44.0,0.0,4.009600000000001
397,Bilibino,RU,68.0546,166.4372,-29.330000000000013,-18.994000000000028,76.0,0.0,0.9408000000000001
398,Moose Factory,CA,51.2585,-80.6094,0.14999999999997726,34.069999999999936,64.0,1.0,9.228800000000001
399,Pasvalys,LT,56.0594,24.4036,-1.8500000000000227,30.46999999999997,54.0,75.0,12.678400000000002
400,Tautira,PF,-17.7333,-149.15,26.149999999999977,80.87,73.0,0.0,2.3072000000000004
401,San Quintin,MX,30.4833,-115.95,14.889999999999986,60.601999999999975,87.0,0.0,14.224
402,Bud,NO,62.9088,6.9145,7.149999999999977,46.66999999999996,81.0,75.0,23.0496
403,Tiarei,PF,-17.5333,-149.3333,26.149999999999977,80.87,73.0,0.0,2.3072000000000004
404,Kuah,MY,6.3265,99.8432,31.149999999999977,89.87,70.0,20.0,8.064000000000002
405,Yulara,AU,-25.2406,130.9889,19.149999999999977,68.26999999999998,82.0,90.0,12.678400000000002
406,Tigil,RU,57.8,158.6667,-14.329999999999984,8.006000000000029,96.0,100.0,5.5552
407,Estelle,US,29.8458,-90.1067,11.819999999999993,55.07600000000002,87.0,90.0,9.228800000000001
408,Vejprty,CZ,50.4923,13.0321,-0.9599999999999795,32.072,63.0,75.0,6.921600000000001
409,Dicamay,PH,16.7561,122.0037,24.80000000000001,78.44000000000005,93.0,100.0,4.5024
410,Atar,MR,20.5169,-13.0499,23.689999999999998,76.44200000000001,22.0,0.0,16.4192
411,Buraydah,SA,26.326,43.975,26.149999999999977,80.87,27.0,0.0,10.3712
412,Pinotepa Nacional,MX,16.3167,-98.0167,20.529999999999973,70.7539999999999,75.0,0.0,2.9792000000000005
413,Kupang,ID,-10.1667,123.5833,29.149999999999977,86.26999999999998,79.0,40.0,9.228800000000001
414,Guozhen,CN,34.3659,107.359,12.600000000000023,56.48000000000002,21.0,100.0,1.6352000000000002
415,Rabak,SD,13.1809,32.74,40.06,105.90800000000002,12.0,11.0,8.3552
416,Manturovo,RU,58.3353,44.7619,-4.189999999999998,26.25799999999998,91.0,100.0,8.265600000000001
417,Codajas,BR,-3.8367,-62.0569,22.689999999999998,74.64199999999994,97.0,96.0,2.688
418,Moyeuvre-Grande,FR,49.2517,6.0475,5.7099999999999795,44.077999999999975,67.0,16.0,3.0016000000000003
419,Mayabon,PH,9.0961,123.1738,30.149999999999977,88.06999999999994,79.0,20.0,6.921600000000001
420,San Vicente De Chucuri,CO,6.881,-73.4098,20.170000000000016,70.106,92.0,100.0,1.7920000000000003
421,Sangmelima,CM,2.9333,11.9833,25.579999999999984,79.84399999999994,75.0,96.0,4.3456
422,Pacific Grove,US,36.6177,-121.9166,10.149999999999977,52.069999999999936,81.0,40.0,3.4496
423,Sola,VU,-13.8833,167.55,25.149999999999977,79.06999999999994,94.0,99.0,2.3072000000000004
424,Jiayuguan,CN,39.8167,98.3,2.6499999999999773,38.569999999999936,22.0,0.0,6.025600000000001
425,Qarqin,AF,37.4185,66.0436,15.95999999999998,62.527999999999906,80.0,100.0,22.6688
426,Tiznit,MA,29.5833,-9.5,13.129999999999995,57.43399999999997,52.0,12.0,14.873600000000001
427,Alasehir,TR,38.3508,28.5172,11.560000000000002,54.60799999999995,81.0,99.0,4.5472
428,Lavrentiya,RU,65.5833,-171.0,-23.0,-7.600000000000023,89.0,93.0,10.908800000000001
429,Alofi,NU,-19.0595,-169.9187,24.149999999999977,77.26999999999998,94.0,100.0,6.921600000000001
430,Volksrust,ZA,-27.3654,29.8818,29.079999999999984,86.144,29.0,1.0,1.6800000000000002
431,Uvalde,US,29.3669,-99.767,9.04000000000002,50.072,57.0,1.0,9.228800000000001
432,Idritsa,RU,56.3316,28.8988,-1.8000000000000114,30.559999999999945,55.0,57.0,4.905600000000001
433,Bilma,NE,18.6853,12.9164,37.69,101.64199999999994,9.0,25.0,10.102400000000001
434,Oranjemund,NA,-28.55,16.4333,20.04000000000002,69.87200000000007,72.0,66.0,22.041600000000003
435,Jurmala,LV,56.968,23.7704,-0.8500000000000227,32.269999999999925,55.0,40.0,10.3712
436,Mantua,CU,22.2889,-84.2844,20.970000000000027,71.54600000000005,84.0,36.0,5.8016000000000005
437,At-Bashi,KG,41.1702,75.8106,4.0,41.0,76.0,91.0,3.1136
438,Russell,NZ,-35.2613,174.1236,14.04000000000002,59.072,86.0,6.0,3.0016000000000003
439,Kailua,US,21.4022,-157.7394,22.149999999999977,73.66999999999996,68.0,20.0,12.678400000000002
440,Santa Maria,CV,16.6,-22.9,20.149999999999977,70.06999999999994,73.0,40.0,10.3712
441,Broome,AU,-17.9667,122.2333,26.149999999999977,80.87,61.0,90.0,16.128000000000004
442,Allada,BJ,6.6655,2.1514,30.149999999999977,88.06999999999994,74.0,40.0,8.064000000000002
443,Saint-Pierre,PM,46.7654,-56.1695,-3.8500000000000227,26.869999999999948,74.0,75.0,21.884800000000002
444,Chicama,PE,-7.8447,-79.1469,22.410000000000025,74.13800000000003,66.0,100.0,3.1136
445,Santa Isabel Do Rio Negro,BR,-0.4139,-65.0192,22.19999999999999,73.75999999999999,98.0,99.0,0.9632000000000001
446,Kuala Terengganu,MY,5.3302,103.1408,31.149999999999977,89.87,66.0,20.0,8.064000000000002
447,Jiangyou,CN,31.7667,104.7167,15.730000000000018,62.11400000000003,44.0,100.0,3.1584000000000003
448,Maldonado,UY,-34.6667,-54.9167,17.149999999999977,64.66999999999996,94.0,0.0,6.921600000000001
449,Sao Felix Do Xingu,BR,-6.6447,-51.995,20.850000000000023,71.33000000000004,99.0,100.0,1.5904
450,Calgary,CA,51.0501,-114.0853,2.1499999999999773,37.66999999999996,41.0,75.0,5.7568
451,Roald,NO,62.5833,6.1333,7.3700000000000045,47.065999999999974,93.0,75.0,20.7424
452,Pithoragarh,IN,29.5833,80.2167,26.110000000000014,80.798,12.0,4.0,8.4448
453,Harper,LR,4.375,-7.7169,28.839999999999975,85.71199999999999,68.0,61.0,5.1072
454,Parakai,NZ,-36.65,174.4333,15.70999999999998,62.077999999999975,70.0,2.0,3.0016000000000003
455,Urubicha,BO,-15.3833,-62.95,19.589999999999975,69.0619999999999,99.0,90.0,1.3216
456,Meadow Lake,CA,54.1335,-108.4347,1.3000000000000114,36.139999999999986,75.0,87.0,4.4352
457,Tarecuato,MX,19.85,-102.4833,11.660000000000025,54.78800000000001,67.0,1.0,2.24
458,Sur,OM,22.5667,59.5289,34.660000000000025,96.18799999999999,27.0,0.0,8.668800000000001
459,Zhavoronki,RU,55.6497,37.1042,-1.8500000000000227,30.46999999999997,50.0,0.0,11.200000000000001
460,Uray,RU,60.1247,64.7758,-1.509999999999991,31.081999999999994,95.0,99.0,8.198400000000001
461,Oranjestad,AW,12.524,-70.027,25.5,79.70000000000005,80.0,93.0,20.137600000000003
462,Bodden Town,KY,19.2833,-81.25,25.70999999999998,80.07799999999997,1.0,0.0,8.019200000000001
463,Ben Tre,VN,10.2333,106.3833,32.52999999999997,92.35399999999993,48.0,54.0,8.5568
464,Kysyl-Syr,RU,63.8986,122.7617,-6.2900000000000205,22.477999999999952,84.0,100.0,11.088000000000001
465,Lima,PE,-12.0432,-77.0282,21.25999999999999,72.06799999999998,83.0,0.0,4.614400000000001
466,Caravelas,BR,-17.7125,-39.2481,24.329999999999984,77.59399999999994,88.0,4.0,0.7616000000000002
467,Sidvokodvo,SZ,-26.6282,31.4202,28.149999999999977,84.46999999999991,51.0,40.0,2.3072000000000004
468,Antofagasta,CL,-23.65,-70.4,16.149999999999977,62.870000000000005,88.0,0.0,3.4496
469,La Sarre,CA,48.8002,-79.1996,-3.829999999999984,26.906000000000006,85.0,55.0,8.1088
470,Funehiki,JP,37.4333,140.5833,9.04000000000002,50.072,76.0,75.0,9.228800000000001
471,Eureka,US,40.8021,-124.1637,5.7099999999999795,44.077999999999975,96.0,28.0,7.1008000000000004
472,Guiglo,CI,6.5456,-7.4966,29.44999999999999,86.80999999999995,61.0,11.0,4.3456
473,Ponta Delgada,PT,37.7333,-25.6667,13.149999999999977,57.469999999999914,76.0,20.0,5.7568
474,Erenhot,CN,43.6475,111.9767,-1.8100000000000023,30.541999999999973,31.0,100.0,21.190400000000004
475,Jalu,LY,29.0331,21.5482,32.70999999999998,92.678,10.0,0.0,9.788800000000002
476,Veinticinco De Mayo,AR,-35.4323,-60.1727,15.70999999999998,62.077999999999975,94.0,83.0,6.4064000000000005
477,Monrovia,LR,6.3005,-10.7969,28.149999999999977,84.46999999999991,83.0,75.0,5.3984000000000005
478,Plettenberg Bay,ZA,-34.0527,23.3716,22.180000000000007,73.72400000000005,71.0,32.0,7.436800000000001
479,Estevan,CA,49.1334,-102.9842,6.149999999999977,44.86999999999995,56.0,90.0,5.7568
480,Coruripe,BR,-10.1256,-36.1756,26.680000000000007,81.82399999999996,75.0,0.0,9.184
481,Sulangan,PH,11.1373,123.7228,29.120000000000005,86.21600000000001,76.0,2.0,11.939200000000001
482,Laguna,BR,-28.4825,-48.7808,21.70999999999998,72.87799999999993,82.0,86.0,5.420800000000001
483,Cambuquira,BR,-21.8522,-45.2958,18.480000000000018,67.06400000000008,93.0,16.0,2.7328
484,Mwinilunga,ZM,-11.7358,24.4293,25.54000000000002,79.77200000000005,63.0,10.0,4.7712
485,Mengyin,CN,35.7069,117.9264,11.920000000000016,55.25599999999997,50.0,97.0,8.198400000000001
486,Cap Malheureux,MU,-19.9842,57.6142,29.04000000000002,86.072,75.0,31.0,12.006400000000001
487,Corning,US,42.1428,-77.0547,-2.069999999999993,30.074000000000012,79.0,1.0,2.4640000000000004
488,Gunjur,GM,13.2019,-16.7339,22.149999999999977,73.66999999999996,78.0,0.0,11.5136
489,Ljungby,SE,56.8332,13.9408,2.3700000000000045,38.065999999999974,75.0,90.0,10.3712
490,Xiashi,CN,30.5363,120.6864,12.370000000000005,56.06600000000003,82.0,75.0,11.200000000000001
491,Asosa,ET,10.0667,34.5333,32.089999999999975,91.5619999999999,24.0,13.0,5.913600000000001
492,Aleksandrov Gay,RU,50.147,48.5704,-1.089999999999975,31.838000000000022,85.0,100.0,12.633600000000001
493,Krasnoselkup,RU,65.7,82.4667,-20.889999999999986,-3.801999999999964,83.0,13.0,12.992
494,Shenjiamen,CN,29.9576,122.298,10.819999999999993,53.275999999999954,87.0,73.0,19.465600000000002
495,Guantanamo,CU,20.1444,-75.2092,24.149999999999977,77.26999999999998,83.0,75.0,4.614400000000001
496,Soure,BR,-0.7167,-48.5233,24.189999999999998,77.34199999999998,88.0,100.0,3.9648000000000003
497,Tual,ID,-5.6667,132.75,29.350000000000023,86.63,66.0,28.0,4.256
498,Shush,IR,32.1942,48.2436,26.670000000000016,81.80600000000004,17.0,0.0,4.614400000000001
499,Ken Caryl,US,39.5773,-105.1169,6.259999999999991,45.067999999999984,60.0,96.0,7.593600000000001
